<?xml version="1.0" encoding="UTF-8" ?>
<!DOCTYPE mapper PUBLIC "-//mybatis.org//DTD Mapper 3.0//EN" "http://mybatis.org/dtd/mybatis-3-mapper.dtd">
<mapper namespace="tologin.application.mapper.StackMapper">

	<resultMap type="tologin.application.entity.Stock" id="StockMap">
	<result property="id" column="ID"/>
	<result property="name" column="NAME"/>
	<result property="unit_id" column="UNIT_ID"/>
	<result property="stock_num" column="STOCK_NUM"/>
	<result property="update_user" column="UPDATE_USER"/>
	<result property="update_date" column="UPDATE_DATE"/>
	<result property="remarks" column="REMARKS"/>
	<result property="status" column="STATUS"/>
	<result property="del_flg" column="DEL_FLG"/>
	</resultMap>
	<select id="selectByStock" resultMap="StockMap">
		insert into t_stock 
	</select>

</mapper>