<?xml version="1.0" encoding="UTF-8" ?>
<!DOCTYPE mapper PUBLIC "-//mybatis.org//DTD Mapper 3.0//EN" "http://mybatis.org/dtd/mybatis-3-mapper.dtd">
<mapper  namespace="tologin.application.mapper.UserMapper">


              
              <resultMap type="tologin.application.entity.Employee" id="EmployeeMap">
              <result  property="employeeId"  column="EMPLOYEE_ID"/>
              <result  property="employeeName"  column="EMPLOYEE_NAME"/>
              <result  property="nyusyaDate"  column="NYUSYA_DATE"/>
              <result  property="sex"  column="SEX"/>
              <result  property="age"  column="AGE"/>
              <result  property="password"  column="PASSWORD"/>
              <result  property="deptId"  column="DEPT_ID"/>
              <result  property="mailAddress"  column="MAIL_ADDRESS"/>
              <result  property="notificationFlg"  column="NOTIFICATION_FLG"/>
              <result  property="authority"  column="AUTHORITY"/>
              <result  property="delFlg"  column="DEL_FLG"/>
              <result  property="createDate"  column="CREATE_DATE"/>
              <result  property="createUser"  column="CREATE_USER"/>             
          </resultMap>      
          <select id= "selectByEmployeeId"  resultMap="EmployeeMap">        
              select * from t_employee where EMPLOYEE_ID =#{employeeId}               
           </select>   
           <select id= "selectByEmployee"  resultMap="EmployeeMap">        
              select * from t_employee where EMPLOYEE_ID =#{employeeId}  and PASSWORD=#{password}             
           </select>  
          
 </mapper>