<?xml version="1.0" encoding="UTF-8" ?>
<!DOCTYPE mapper PUBLIC "-//mybatis.org//DTD Mapper 3.0//EN" "http://mybatis.org/dtd/mybatis-3-mapper.dtd">
<mapper namespace="tologin.application.mapper.UserMapper">


	<resultMap type="tologin.application.entity.Stock" id="Stock">

		<result property="id" column="ID" />

		<result property="name" column="NAME" />

		<result property="unit" column="UNIT" />

		<result property="stockNum" column="STOCK_NUM" />

		<result property="updateUser" column="UPDATE_USER" />

		<result property="updateDate" column="UPDATE_DATE" />

		<result property="remarks" column="REMARKS" />

		<result property="status" column="STATUS" />
	</resultMap>
	<select id="selectStock" resultMap="Stock">
		select * from T_STOCK
	</select>

	<select id="selectByName" resultMap="Stock">
		select NAME from T_STOCK
		where NAME= #{NAME}
	</select>

	<select id="selectByUpdateDate" resultMap="Stock">
		select UPDATE_DATE
		from T_STOCK where UPDATE_DATE=#{UPDATE_DATE}
	</select>

	<select id="selectByStatus" resultMap="Stock">
		select STATUS from T_STOCK
		where STATUS= #{STATUS}
	</select>
	<select id="selectStockPull"
		parameterType="tologin.application.util.Search" resultMap="Stock">
		select * from T_STOCK
		where 1=1
		<if test="name!=''">
			and NAME= #{name}
		</if>
		<if test="dateBegin!=''">
			and UPDATE_DATE &gt;#{dateBegin}

		</if>
		<if test="dateEnd!=''">
			and UPDATE_DATE &lt; #{dateEnd}

		</if>
		<if test="status =='在庫あり'">
			and STOCK_NUM &gt; 0
		</if>
		<if test="status =='在庫なし'">
			and STOCK_NUM=0
		</if>
	</select>
	<delete id="deleteById" parameterType="java.lang.Integer">
	   delete  from T_STOCK where ID=#{ID}
	</delete>
</mapper>
