<?xml version="1.0" encoding="UTF-8" ?>
<!DOCTYPE mapper PUBLIC "-//mybatis.org//DTD Mapper 3.0//EN" "http://mybatis.org/dtd/mybatis-3-mapper.dtd">
<mapper  namespace="com.stock.mapper.StockIoMapper">


              
              <resultMap type="com.stock.entity.StockIo" id="StockIo">
              <result  property="id"  column="id"/>
              <result  property="ioType"  column="io_type"/>
              <result  property="ioNum"  column="io_num"/>
              <result  property="remarks"  column="remarks"/>
              <result  property="delFlg"  column="del_flg"/>
              <result  property="createDate"  column="create_date"/>
              <result  property="createUser"  column="create_user"/>
             
          </resultMap>      
          <select id= "selectStockIo"  resultMap="StockIo">        
              select * from  t_stock_io where id =#{id}               
           </select>   
           <select id= "selectStockIoByTime"  resultMap="StockIo">        
               select * from  t_stock_io where create_date >= #{arg0} and create_date &lt;= #{arg1} and io_type =#{arg2} and id =#{arg3}       
           </select>  
            <select id= "selectStockIoByIn"  resultType="java.lang.Integer">  
            select sum(io_num) from  t_stock_io where io_type=1 and id= #{id}
            </select>           
             <select id= "selectStockIoByOut"  resultType="java.lang.Integer">  
            select sum(io_num) from  t_stock_io where io_type=2 and id= #{id}
            </select>
            <insert id= "insertStockIo" parameterType="com.stock.entity.StockIo"  >
            insert into t_stock_io(id, io_type,io_num,create_user) values(#{id},#{ioType},#{ioNum},#{createUser})
            </insert>
            
           <resultMap type="com.stock.entity.Stock" id="Stock">              
              <result  property="updateUser"  column="UPDATE_USER"/>
              <result  property="updateDate"  column="UPDATE_DATE"/>
             
          </resultMap>  
                    <select id= "selectStock" parameterType="com.stock.entity.Stock" resultMap="Stock">        
              select * from  t_stock where id =#{id}               
          </select> 
          
 </mapper>