<?xml version="1.0" encoding="UTF-8" ?>
<!DOCTYPE mapper PUBLIC "-//mybatis.org//DTD Mapper 3.0//EN" "http://mybatis.org/dtd/mybatis-3-mapper.dtd">
<mapper  namespace="com.stock.mapper.StockMapper">

           <resultMap type="com.stock.entity.Stock" id="Stock">              
              <result  property="updateUser"  column="UPDATE_USER"/>
              <result  property="updateDate"  column="UPDATE_DATE"/>
             
          </resultMap>      
          <select id= "selectStocks"  resultMap="Stock">        
              select * from  t_stock               
          </select>   
            <select id= "selectStockIoByIn"  resultType="java.lang.Integer">  
            select sum(io_num) from  t_stock_io where io_type=1 and id= #{id}
            </select>           
             <select id= "selectStockIoByOut"  resultType="java.lang.Integer">  
            select sum(io_num) from  t_stock_io where io_type=2 and id= #{id}
            </select>
             <select id= "selectStockIoByTime"  resultMap="Stock">        
               select * from  t_stock_io where create_date >= #{arg0} and create_date &lt;= #{arg1} and io_type =#{arg2} and id =#{arg3}       
            </select>  
            <delete id="deletestock" parameterType="java.lang.Integer">
              
              delete from t_stock where id = #{id}
            </delete>
            <delete id="deletestockIo" parameterType="java.lang.Integer">         
              delete from t_stock_io where id = #{id}
            </delete>
           <select id= "selectStockById"  resultMap="Stock">        
              select * from  t_stock  where id = #{id}             
          </select>  
          <update id="updateStock" parameterType="com.stock.entity.Stock" >
          
          update T_STOCK set name =#{name}, UNIT=#{unit}, UPDATE_USER=#{updateUser},REMARKS=#{remarks} where id= #{id} 
          </update>
           <select id= "selectMaxId" resultType="java.lang.Integer">        
                   select max(id)  from T_STOCK          
          </select>  
          <insert id="addStock" parameterType="com.stock.entity.Stock">
                 insert into  T_STOCK (NAME,UNIT,UPDATE_USER,REMARKS)values(#{name},#{unit},#{updateUser},#{remarks})
          </insert>  
          
          <select id="selectByCondition" parameterType="com.stock.util.Condition" resultMap="Stock">
           select *  from T_STOCK where 1=1 
           <if test="datebegin!=''">
           and UPDATE_DATE &gt; #{datebegin}
           </if> 
           <if test="dateend!=''">
           and UPDATE_DATE &lt; #{dateend}  
            </if> 
           <if test="name!=''">
           and name=#{name} 
            </if> 
          
          </select>


</mapper>


