<?xml version="1.0" encoding="UTF-8" ?>
<!DOCTYPE mapper PUBLIC "-//mybatis.org//DTD Mapper 3.0//EN" "http://mybatis.org/dtd/mybatis-3-mapper.dtd">
<mapper  namespace="tologin.application.mapper.UserMapper">

<resultMap id="goodsMap" type="tologin.application.entity.stockIO">

<result column="id" property="id"/>

<result column="username" property="userName"/>

<result column="io_type" property="type1"/>

<result column="io_num" property="opAmount"/>

</resultMap>

<!-- <select id="selectById" resultMap="goodsMap"> select ID,name,stock_num from t_stock where ID =#{id} </select>





             <update id= "insertInfo"  parameterType="map" useGeneratedKeys="true" keyProperty="id">
          update t_stock set stock_num = (#{currentAmount}) where ID =#{goods_Id}
              </update>     -->
                           <insert id= "insert"  parameterType="map" useGeneratedKeys="true" keyProperty="id">
          insert into t_stock_io (id, username, io_type,io_num)values  (#{id},#{userName},#{type1},#{opAmount})
              </insert>    
 </mapper>