<?xml version="1.0" encoding="UTF-8" ?>
<!DOCTYPE mapper PUBLIC "-//mybatis.org//DTD Mapper 3.0//EN" "http://mybatis.org/dtd/mybatis-3-mapper.dtd">
<mapper  namespace="tologin.application.mapper.UserMapper">


              
              <resultMap type="tologin.application.entity.User" id="UserMap">
              <result  property="userId"  column="USER_ID"/>
              <result  property="userName"  column="USER_NAME"/>
              <result  property="password"  column="PASSWORD"/>
              <result  property="defFlg"  column="DEF_FLG"/>
              <result  property="createDate"  column="CREATE_DATE"/>
              <result  property="createUser"  column="CREATE_USER"/>
              <result  property="updateDate"  column="UPDATE_DATE"/>
              <result  property="updateUser"  column="UPDATE_USER"/>             
          </resultMap>      
          <select id= "selectByUserId"  resultMap="UserMap">        
              select * from t_user where USER_ID =#{userId}               
           </select>   
           <select id= "selectByUser"  resultMap="UserMap">        
              select * from t_user where USER_ID =#{userId}  and PASSWORD=#{password}             
           </select>  
          
 </mapper>